,Hotelkategorien,Land,Link zum Land
0,358 5-Sterne-Hotels,Österreich,https://www.booking.com/country/at.de.html
1,358 5-Sterne-Hotels,Schweiz,https://www.booking.com/country/ch.de.html
2,358 5-Sterne-Hotels,Kroatien,https://www.booking.com/country/hr.de.html
3,358 5-Sterne-Hotels,Deutschland,https://www.booking.com/country/de.de.html
4,358 5-Sterne-Hotels,Mauritius,https://www.booking.com/country/mu.de.html
5,358 5-Sterne-Hotels,Malta,https://www.booking.com/country/mt.de.html
6,358 5-Sterne-Hotels,Niederlande,https://www.booking.com/country/nl.de.html
7,358 5-Sterne-Hotels,Singapur,https://www.booking.com/country/sg.de.html
8,358 5-Sterne-Hotels,Island,https://www.booking.com/country/is.de.html
9,358 5-Sterne-Hotels,Italien,https://www.booking.com/country/it.de.html
10,358 5-Sterne-Hotels,Thailand,https://www.booking.com/country/th.de.html
11,358 5-Sterne-Hotels,Sri Lanka,https://www.booking.com/country/lk.de.html
12,358 5-Sterne-Hotels,Dänemark,https://www.booking.com/country/dk.de.html
13,358 5-Sterne-Hotels,Monaco,https://www.booking.com/country/mc.de.html
14,358 5-Sterne-Hotels,Seychellen,https://www.booking.com/country/sc.de.html
15,358 5-Sterne-Hotels,Zypern,https://www.booking.com/country/cy.de.html
16,358 5-Sterne-Hotels,Frankreich,https://www.booking.com/country/fr.de.html
17,358 5-Sterne-Hotels,Tschechische Republik (Tschechien),https://www.booking.com/country/cz.de.html
18,358 5-Sterne-Hotels,Polen,https://www.booking.com/country/pl.de.html
19,358 5-Sterne-Hotels,Costa Rica,https://www.booking.com/country/cr.de.html
20,358 5-Sterne-Hotels,Portugal,https://www.booking.com/country/pt.de.html
21,358 5-Sterne-Hotels,Irland,https://www.booking.com/country/ie.de.html
22,358 5-Sterne-Hotels,Schweden,https://www.booking.com/country/se.de.html
23,358 5-Sterne-Hotels,Griechenland,https://www.booking.com/country/gr.de.html
24,358 5-Sterne-Hotels,Slowenien,https://www.booking.com/country/si.de.html
25,358 5-Sterne-Hotels,Chile,https://www.booking.com/country/cl.de.html
26,358 5-Sterne-Hotels,Oman,https://www.booking.com/country/om.de.html
27,358 5-Sterne-Hotels,Bahamas,https://www.booking.com/country/bs.de.html
28,358 5-Sterne-Hotels,Mexiko,https://www.booking.com/country/mx.de.html
29,358 5-Sterne-Hotels,Liechtenstein,https://www.booking.com/country/li.de.html
30,358 5-Sterne-Hotels,Norwegen,https://www.booking.com/country/no.de.html
31,358 5-Sterne-Hotels,Belgien,https://www.booking.com/country/be.de.html
32,358 5-Sterne-Hotels,USA,https://www.booking.com/country/us.de.html
33,358 5-Sterne-Hotels,Neuseeland,https://www.booking.com/country/nz.de.html
34,358 5-Sterne-Hotels,Finnland,https://www.booking.com/country/fi.de.html
35,358 5-Sterne-Hotels,Ägypten,https://www.booking.com/country/eg.de.html
36,358 5-Sterne-Hotels,Vietnam,https://www.booking.com/country/vn.de.html
37,358 5-Sterne-Hotels,Kuba,https://www.booking.com/country/cu.de.html
38,358 5-Sterne-Hotels,Rumänien,https://www.booking.com/country/ro.de.html
39,358 5-Sterne-Hotels,Aruba,https://www.booking.com/country/aw.de.html
40,358 5-Sterne-Hotels,Martinique,https://www.booking.com/country/mq.de.html
41,358 5-Sterne-Hotels,Indien,https://www.booking.com/country/in.de.html
42,358 5-Sterne-Hotels,Namibia,https://www.booking.com/country/na.de.html
43,358 5-Sterne-Hotels,Südafrika,https://www.booking.com/country/za.de.html
44,358 5-Sterne-Hotels,Spanien,https://www.booking.com/country/es.de.html
45,358 5-Sterne-Hotels,Réunion,https://www.booking.com/country/re.de.html
46,358 5-Sterne-Hotels,Montenegro,https://www.booking.com/country/me.de.html
47,358 5-Sterne-Hotels,Barbados,https://www.booking.com/country/bb.de.html
48,358 5-Sterne-Hotels,Guadeloupe,https://www.booking.com/country/gp.de.html
49,358 5-Sterne-Hotels,Albanien,https://www.booking.com/country/al.de.html
50,358 5-Sterne-Hotels,Gambia,https://www.booking.com/country/gm.de.html
51,358 5-Sterne-Hotels,Malediven,https://www.booking.com/country/mv.de.html
52,358 5-Sterne-Hotels,Panama,https://www.booking.com/country/pa.de.html
53,358 5-Sterne-Hotels,Färöer Inseln (Färöer),https://www.booking.com/country/fo.de.html
54,358 5-Sterne-Hotels,Marokko,https://www.booking.com/country/ma.de.html
55,358 5-Sterne-Hotels,Ungarn,https://www.booking.com/country/hu.de.html
56,358 5-Sterne-Hotels,Jamaika,https://www.booking.com/country/jm.de.html
57,358 5-Sterne-Hotels,Australien,https://www.booking.com/country/au.de.html
58,358 5-Sterne-Hotels,Japan,https://www.booking.com/country/jp.de.html
59,358 5-Sterne-Hotels,Kanada,https://www.booking.com/country/ca.de.html
60,358 5-Sterne-Hotels,Andorra,https://www.booking.com/country/ad.de.html
61,358 5-Sterne-Hotels,Neukaledonien,https://www.booking.com/country/nc.de.html
62,358 5-Sterne-Hotels,Israel,https://www.booking.com/country/il.de.html
63,358 5-Sterne-Hotels,Hongkong,https://www.booking.com/country/hk.de.html
64,358 5-Sterne-Hotels,Madagaskar,https://www.booking.com/country/mg.de.html
65,358 5-Sterne-Hotels,Kambodscha,https://www.booking.com/country/kh.de.html
66,358 5-Sterne-Hotels,Kolumbien,https://www.booking.com/country/co.de.html
67,358 5-Sterne-Hotels,Bosnien und Herzegovina (BA),https://www.booking.com/country/ba.de.html
68,358 5-Sterne-Hotels,Bulgarien,https://www.booking.com/country/bg.de.html
69,358 5-Sterne-Hotels,Türkei,https://www.booking.com/country/tr.de.html
70,358 5-Sterne-Hotels,St. Lucia,https://www.booking.com/country/lc.de.html
71,358 5-Sterne-Hotels,Brasilien,https://www.booking.com/country/br.de.html
72,358 5-Sterne-Hotels,Bahrain,https://www.booking.com/country/bh.de.html
73,358 5-Sterne-Hotels,San Marino,https://www.booking.com/country/sm.de.html
74,358 5-Sterne-Hotels,Kenia,https://www.booking.com/country/ke.de.html
75,358 5-Sterne-Hotels,Curaçao,https://www.booking.com/country/cw.de.html
76,358 5-Sterne-Hotels,Bermuda,https://www.booking.com/country/bm.de.html
77,358 5-Sterne-Hotels,Luxemburg,https://www.booking.com/country/lu.de.html
78,358 5-Sterne-Hotels,Kap Verde,https://www.booking.com/country/cv.de.html
79,358 5-Sterne-Hotels,Kasachstan,https://www.booking.com/country/kz.de.html
80,358 5-Sterne-Hotels,Philippinen,https://www.booking.com/country/ph.de.html
81,358 5-Sterne-Hotels,Malaysia,https://www.booking.com/country/my.de.html
82,358 5-Sterne-Hotels,Fidschi,https://www.booking.com/country/fj.de.html
83,358 5-Sterne-Hotels,Myanmar,https://www.booking.com/country/mm.de.html
84,358 5-Sterne-Hotels,Kaimaninseln,https://www.booking.com/country/ky.de.html
85,358 5-Sterne-Hotels,Jordanien,https://www.booking.com/country/jo.de.html
86,358 5-Sterne-Hotels,Peru,https://www.booking.com/country/pe.de.html
87,358 5-Sterne-Hotels,Argentinien,https://www.booking.com/country/ar.de.html
88,358 5-Sterne-Hotels,Palau,https://www.booking.com/country/pw.de.html
89,358 5-Sterne-Hotels,Grenada,https://www.booking.com/country/gd.de.html
90,358 5-Sterne-Hotels,Nepal,https://www.booking.com/country/np.de.html
91,358 5-Sterne-Hotels,Georgien,https://www.booking.com/country/ge.de.html
92,358 5-Sterne-Hotels,Litauen,https://www.booking.com/country/lt.de.html
93,358 5-Sterne-Hotels,Großbritannien (GB),https://www.booking.com/country/gb.de.html
94,358 5-Sterne-Hotels,Dominikanische Republik (Dom. Rep.),https://www.booking.com/country/do.de.html
95,358 5-Sterne-Hotels,Cookinseln,https://www.booking.com/country/ck.de.html
96,358 5-Sterne-Hotels,Tonga,https://www.booking.com/country/to.de.html
97,358 5-Sterne-Hotels,Lesotho,https://www.booking.com/country/ls.de.html
98,358 5-Sterne-Hotels,Südkorea,https://www.booking.com/country/kr.de.html
99,358 5-Sterne-Hotels,Ghana,https://www.booking.com/country/gh.de.html
100,358 5-Sterne-Hotels,Usbekistan,https://www.booking.com/country/uz.de.html
101,358 5-Sterne-Hotels,Belize,https://www.booking.com/country/bz.de.html
102,358 5-Sterne-Hotels,Taiwan,https://www.booking.com/country/tw.de.html
103,358 5-Sterne-Hotels,Katar,https://www.booking.com/country/qa.de.html
104,358 5-Sterne-Hotels,Puerto Rico,https://www.booking.com/country/pr.de.html
105,358 5-Sterne-Hotels,Indonesien,https://www.booking.com/country/id.de.html
106,358 5-Sterne-Hotels,Laos,https://www.booking.com/country/la.de.html
107,358 5-Sterne-Hotels,Samoa,https://www.booking.com/country/ws.de.html
108,358 5-Sterne-Hotels,China,https://www.booking.com/country/cn.de.html
109,358 5-Sterne-Hotels,St. Maarten,https://www.booking.com/country/sx.de.html
110,358 5-Sterne-Hotels,Mayotte,https://www.booking.com/country/yt.de.html
111,358 5-Sterne-Hotels,Slowakei,https://www.booking.com/country/sk.de.html
112,358 5-Sterne-Hotels,Bhutan,https://www.booking.com/country/bt.de.html
113,358 5-Sterne-Hotels,Tansania,https://www.booking.com/country/tz.de.html
114,358 5-Sterne-Hotels,Grönland,https://www.booking.com/country/gl.de.html
115,358 5-Sterne-Hotels,Ecuador,https://www.booking.com/country/ec.de.html
116,358 5-Sterne-Hotels,Uruguay,https://www.booking.com/country/uy.de.html
117,358 5-Sterne-Hotels,Papua-Neuguinea (PG),https://www.booking.com/country/pg.de.html
118,358 5-Sterne-Hotels,Brunei Darussalam (BN),https://www.booking.com/country/bn.de.html
119,358 5-Sterne-Hotels,Serbien,https://www.booking.com/country/rs.de.html
120,358 5-Sterne-Hotels,Äthiopien,https://www.booking.com/country/et.de.html
121,358 5-Sterne-Hotels,St. Martin,https://www.booking.com/country/mf.de.html
122,358 5-Sterne-Hotels,Guam,https://www.booking.com/country/gu.de.html
123,358 5-Sterne-Hotels,Turks- & Caicosinseln (TC),https://www.booking.com/country/tc.de.html
124,358 5-Sterne-Hotels,Swasiland,https://www.booking.com/country/sz.de.html
125,358 5-Sterne-Hotels,Russland,https://www.booking.com/country/ru.de.html
126,358 5-Sterne-Hotels,Moldawien,https://www.booking.com/country/md.de.html
127,358 5-Sterne-Hotels,Uganda,https://www.booking.com/country/ug.de.html
128,358 5-Sterne-Hotels,Libanon,https://www.booking.com/country/lb.de.html
129,358 5-Sterne-Hotels,Haiti,https://www.booking.com/country/ht.de.html
130,358 5-Sterne-Hotels,Estland,https://www.booking.com/country/ee.de.html
131,358 5-Sterne-Hotels,Dominica,https://www.booking.com/country/dm.de.html
132,358 5-Sterne-Hotels,Bolivien,https://www.booking.com/country/bo.de.html
133,358 5-Sterne-Hotels,St. Vincent & Grenadinen (VC),https://www.booking.com/country/vc.de.html
134,358 5-Sterne-Hotels,Lettland,https://www.booking.com/country/lv.de.html
135,358 5-Sterne-Hotels,Guinea-Bissau,https://www.booking.com/country/gw.de.html
136,358 5-Sterne-Hotels,Anguilla,https://www.booking.com/country/ai.de.html
137,358 5-Sterne-Hotels,Trinidad und Tobago (TT),https://www.booking.com/country/tt.de.html
138,358 5-Sterne-Hotels,Senegal,https://www.booking.com/country/sn.de.html
139,358 5-Sterne-Hotels,Paraguay,https://www.booking.com/country/py.de.html
140,358 5-Sterne-Hotels,Pakistan,https://www.booking.com/country/pk.de.html
141,358 5-Sterne-Hotels,Dschibuti,https://www.booking.com/country/dj.de.html
142,358 5-Sterne-Hotels,Ruanda,https://www.booking.com/country/rw.de.html
143,358 5-Sterne-Hotels,Ukraine,https://www.booking.com/country/ua.de.html
144,358 5-Sterne-Hotels,Niue,https://www.booking.com/country/nu.de.html
145,358 5-Sterne-Hotels,Mosambik,https://www.booking.com/country/mz.de.html
146,358 5-Sterne-Hotels,Mazedonien,https://www.booking.com/country/mk.de.html
147,358 5-Sterne-Hotels,Benin,https://www.booking.com/country/bj.de.html
148,358 5-Sterne-Hotels,Nigeria,https://www.booking.com/country/ng.de.html
149,358 5-Sterne-Hotels,Französisch-Guayana (GF),https://www.booking.com/country/gf.de.html
150,358 5-Sterne-Hotels,Nicaragua,https://www.booking.com/country/ni.de.html
151,358 5-Sterne-Hotels,Guinea,https://www.booking.com/country/gn.de.html
152,358 5-Sterne-Hotels,Französisch-Polynesien (PF),https://www.booking.com/country/pf.de.html
153,358 5-Sterne-Hotels,Botswana,https://www.booking.com/country/bw.de.html
154,358 5-Sterne-Hotels,Mikronesien,https://www.booking.com/country/fm.de.html
155,358 5-Sterne-Hotels,Irak,https://www.booking.com/country/iq.de.html
156,358 5-Sterne-Hotels,Gabun,https://www.booking.com/country/ga.de.html
157,358 5-Sterne-Hotels,Elfenbeinküste,https://www.booking.com/country/ci.de.html
158,358 5-Sterne-Hotels,Burkina Faso,https://www.booking.com/country/bf.de.html
159,358 5-Sterne-Hotels,Suriname,https://www.booking.com/country/sr.de.html
160,358 5-Sterne-Hotels,Angola,https://www.booking.com/country/ao.de.html
161,358 5-Sterne-Hotels,Algerien,https://www.booking.com/country/dz.de.html
162,358 5-Sterne-Hotels,Vanuatu,https://www.booking.com/country/vu.de.html
163,358 5-Sterne-Hotels,Macao,https://www.booking.com/country/mo.de.html
164,358 5-Sterne-Hotels,Bangladesch,https://www.booking.com/country/bd.de.html
165,358 5-Sterne-Hotels,Armenien,https://www.booking.com/country/am.de.html
166,358 5-Sterne-Hotels,Salomonen,https://www.booking.com/country/sb.de.html
167,358 5-Sterne-Hotels,Honduras,https://www.booking.com/country/hn.de.html
168,358 5-Sterne-Hotels,Kamerun,https://www.booking.com/country/cm.de.html
169,358 5-Sterne-Hotels,Krim,https://www.booking.com/country/xc.de.html
170,358 5-Sterne-Hotels,Kosovo,https://www.booking.com/country/xk.de.html
171,358 5-Sterne-Hotels,Venezuela,https://www.booking.com/country/ve.de.html
172,358 5-Sterne-Hotels,Aserbaidschan,https://www.booking.com/country/az.de.html
173,358 5-Sterne-Hotels,Sambia,https://www.booking.com/country/zm.de.html
174,358 5-Sterne-Hotels,Togo,https://www.booking.com/country/tg.de.html
175,358 5-Sterne-Hotels,Malawi,https://www.booking.com/country/mw.de.html
176,358 5-Sterne-Hotels,Burundi,https://www.booking.com/country/bi.de.html
177,358 5-Sterne-Hotels,Kuwait,https://www.booking.com/country/kw.de.html
178,358 5-Sterne-Hotels,Saudi-Arabien,https://www.booking.com/country/sa.de.html
179,358 5-Sterne-Hotels,Mongolei,https://www.booking.com/country/mn.de.html
180,358 5-Sterne-Hotels,Libyen,https://www.booking.com/country/ly.de.html
181,358 5-Sterne-Hotels,Guyana,https://www.booking.com/country/gy.de.html
182,358 5-Sterne-Hotels,Tschad,https://www.booking.com/country/td.de.html
183,358 5-Sterne-Hotels,Vereinigte Arabische Emirate (VAE),https://www.booking.com/country/ae.de.html
184,358 5-Sterne-Hotels,Kirgisistan,https://www.booking.com/country/kg.de.html
185,358 5-Sterne-Hotels,Äquatorialguinea (GQ),https://www.booking.com/country/gq.de.html
186,358 5-Sterne-Hotels,Weißrussland,https://www.booking.com/country/by.de.html
187,358 5-Sterne-Hotels,Jungferninseln (US),https://www.booking.com/country/vi.de.html
188,358 5-Sterne-Hotels,Tunesien,https://www.booking.com/country/tn.de.html
189,358 5-Sterne-Hotels,Palästina,https://www.booking.com/country/ps.de.html
190,358 5-Sterne-Hotels,Nördliche Marianen,https://www.booking.com/country/mp.de.html
191,358 5-Sterne-Hotels,Mali,https://www.booking.com/country/ml.de.html
192,358 5-Sterne-Hotels,Mauretanien,https://www.booking.com/country/mr.de.html
193,358 5-Sterne-Hotels,Guatemala,https://www.booking.com/country/gt.de.html
194,358 5-Sterne-Hotels,Gibraltar,https://www.booking.com/country/gi.de.html
