,Land,Link zum Land
0,Österreich,https://www.booking.com/country/at.de.html
1,Schweiz,https://www.booking.com/country/ch.de.html
2,Kroatien,https://www.booking.com/country/hr.de.html
3,Deutschland,https://www.booking.com/country/de.de.html
4,Mauritius,https://www.booking.com/country/mu.de.html
5,Malta,https://www.booking.com/country/mt.de.html
6,Niederlande,https://www.booking.com/country/nl.de.html
7,Singapur,https://www.booking.com/country/sg.de.html
8,Island,https://www.booking.com/country/is.de.html
9,Italien,https://www.booking.com/country/it.de.html
10,Thailand,https://www.booking.com/country/th.de.html
11,Sri Lanka,https://www.booking.com/country/lk.de.html
12,Dänemark,https://www.booking.com/country/dk.de.html
13,Monaco,https://www.booking.com/country/mc.de.html
14,Seychellen,https://www.booking.com/country/sc.de.html
15,Zypern,https://www.booking.com/country/cy.de.html
16,Frankreich,https://www.booking.com/country/fr.de.html
17,Tschechische Republik (Tschechien),https://www.booking.com/country/cz.de.html
18,Polen,https://www.booking.com/country/pl.de.html
19,Costa Rica,https://www.booking.com/country/cr.de.html
20,Portugal,https://www.booking.com/country/pt.de.html
21,Irland,https://www.booking.com/country/ie.de.html
22,Schweden,https://www.booking.com/country/se.de.html
23,Griechenland,https://www.booking.com/country/gr.de.html
24,Slowenien,https://www.booking.com/country/si.de.html
25,Chile,https://www.booking.com/country/cl.de.html
26,Oman,https://www.booking.com/country/om.de.html
27,Bahamas,https://www.booking.com/country/bs.de.html
28,Mexiko,https://www.booking.com/country/mx.de.html
29,Liechtenstein,https://www.booking.com/country/li.de.html
30,Norwegen,https://www.booking.com/country/no.de.html
31,Belgien,https://www.booking.com/country/be.de.html
32,USA,https://www.booking.com/country/us.de.html
33,Neuseeland,https://www.booking.com/country/nz.de.html
34,Finnland,https://www.booking.com/country/fi.de.html
35,Ägypten,https://www.booking.com/country/eg.de.html
36,Vietnam,https://www.booking.com/country/vn.de.html
37,Kuba,https://www.booking.com/country/cu.de.html
38,Rumänien,https://www.booking.com/country/ro.de.html
39,Aruba,https://www.booking.com/country/aw.de.html
40,Martinique,https://www.booking.com/country/mq.de.html
41,Indien,https://www.booking.com/country/in.de.html
42,Namibia,https://www.booking.com/country/na.de.html
43,Südafrika,https://www.booking.com/country/za.de.html
44,Spanien,https://www.booking.com/country/es.de.html
45,Réunion,https://www.booking.com/country/re.de.html
46,Montenegro,https://www.booking.com/country/me.de.html
47,Barbados,https://www.booking.com/country/bb.de.html
48,Guadeloupe,https://www.booking.com/country/gp.de.html
49,Albanien,https://www.booking.com/country/al.de.html
50,Gambia,https://www.booking.com/country/gm.de.html
51,Malediven,https://www.booking.com/country/mv.de.html
52,Panama,https://www.booking.com/country/pa.de.html
53,Färöer Inseln (Färöer),https://www.booking.com/country/fo.de.html
54,Marokko,https://www.booking.com/country/ma.de.html
55,Ungarn,https://www.booking.com/country/hu.de.html
56,Jamaika,https://www.booking.com/country/jm.de.html
57,Australien,https://www.booking.com/country/au.de.html
58,Japan,https://www.booking.com/country/jp.de.html
59,Kanada,https://www.booking.com/country/ca.de.html
60,Andorra,https://www.booking.com/country/ad.de.html
61,Neukaledonien,https://www.booking.com/country/nc.de.html
62,Israel,https://www.booking.com/country/il.de.html
63,Hongkong,https://www.booking.com/country/hk.de.html
64,Madagaskar,https://www.booking.com/country/mg.de.html
65,Kambodscha,https://www.booking.com/country/kh.de.html
66,Kolumbien,https://www.booking.com/country/co.de.html
67,Bosnien und Herzegovina (BA),https://www.booking.com/country/ba.de.html
68,Bulgarien,https://www.booking.com/country/bg.de.html
69,Türkei,https://www.booking.com/country/tr.de.html
70,St. Lucia,https://www.booking.com/country/lc.de.html
71,Brasilien,https://www.booking.com/country/br.de.html
72,Bahrain,https://www.booking.com/country/bh.de.html
73,San Marino,https://www.booking.com/country/sm.de.html
74,Kenia,https://www.booking.com/country/ke.de.html
75,Curaçao,https://www.booking.com/country/cw.de.html
76,Bermuda,https://www.booking.com/country/bm.de.html
77,Luxemburg,https://www.booking.com/country/lu.de.html
78,Kap Verde,https://www.booking.com/country/cv.de.html
79,Kasachstan,https://www.booking.com/country/kz.de.html
80,Philippinen,https://www.booking.com/country/ph.de.html
81,Malaysia,https://www.booking.com/country/my.de.html
82,Fidschi,https://www.booking.com/country/fj.de.html
83,Myanmar,https://www.booking.com/country/mm.de.html
84,Kaimaninseln,https://www.booking.com/country/ky.de.html
85,Jordanien,https://www.booking.com/country/jo.de.html
86,Peru,https://www.booking.com/country/pe.de.html
87,Argentinien,https://www.booking.com/country/ar.de.html
88,Palau,https://www.booking.com/country/pw.de.html
89,Grenada,https://www.booking.com/country/gd.de.html
90,Nepal,https://www.booking.com/country/np.de.html
91,Georgien,https://www.booking.com/country/ge.de.html
92,Litauen,https://www.booking.com/country/lt.de.html
93,Großbritannien (GB),https://www.booking.com/country/gb.de.html
94,Dominikanische Republik (Dom. Rep.),https://www.booking.com/country/do.de.html
95,Cookinseln,https://www.booking.com/country/ck.de.html
96,Tonga,https://www.booking.com/country/to.de.html
97,Lesotho,https://www.booking.com/country/ls.de.html
98,Südkorea,https://www.booking.com/country/kr.de.html
99,Ghana,https://www.booking.com/country/gh.de.html
100,Usbekistan,https://www.booking.com/country/uz.de.html
101,Belize,https://www.booking.com/country/bz.de.html
102,Taiwan,https://www.booking.com/country/tw.de.html
103,Katar,https://www.booking.com/country/qa.de.html
104,Puerto Rico,https://www.booking.com/country/pr.de.html
105,Indonesien,https://www.booking.com/country/id.de.html
106,Laos,https://www.booking.com/country/la.de.html
107,Samoa,https://www.booking.com/country/ws.de.html
108,China,https://www.booking.com/country/cn.de.html
109,St. Maarten,https://www.booking.com/country/sx.de.html
110,Mayotte,https://www.booking.com/country/yt.de.html
111,Slowakei,https://www.booking.com/country/sk.de.html
112,Bhutan,https://www.booking.com/country/bt.de.html
113,Tansania,https://www.booking.com/country/tz.de.html
114,Grönland,https://www.booking.com/country/gl.de.html
115,Ecuador,https://www.booking.com/country/ec.de.html
116,Uruguay,https://www.booking.com/country/uy.de.html
117,Papua-Neuguinea (PG),https://www.booking.com/country/pg.de.html
118,Brunei Darussalam (BN),https://www.booking.com/country/bn.de.html
119,Serbien,https://www.booking.com/country/rs.de.html
120,Äthiopien,https://www.booking.com/country/et.de.html
121,St. Martin,https://www.booking.com/country/mf.de.html
122,Guam,https://www.booking.com/country/gu.de.html
123,Turks- & Caicosinseln (TC),https://www.booking.com/country/tc.de.html
124,Swasiland,https://www.booking.com/country/sz.de.html
125,Russland,https://www.booking.com/country/ru.de.html
126,Moldawien,https://www.booking.com/country/md.de.html
127,Uganda,https://www.booking.com/country/ug.de.html
128,Libanon,https://www.booking.com/country/lb.de.html
129,Haiti,https://www.booking.com/country/ht.de.html
130,Estland,https://www.booking.com/country/ee.de.html
131,Dominica,https://www.booking.com/country/dm.de.html
132,Bolivien,https://www.booking.com/country/bo.de.html
133,St. Vincent & Grenadinen (VC),https://www.booking.com/country/vc.de.html
134,Lettland,https://www.booking.com/country/lv.de.html
135,Guinea-Bissau,https://www.booking.com/country/gw.de.html
136,Anguilla,https://www.booking.com/country/ai.de.html
137,Trinidad und Tobago (TT),https://www.booking.com/country/tt.de.html
138,Senegal,https://www.booking.com/country/sn.de.html
139,Paraguay,https://www.booking.com/country/py.de.html
140,Pakistan,https://www.booking.com/country/pk.de.html
141,Dschibuti,https://www.booking.com/country/dj.de.html
142,Ruanda,https://www.booking.com/country/rw.de.html
143,Ukraine,https://www.booking.com/country/ua.de.html
144,Niue,https://www.booking.com/country/nu.de.html
145,Mosambik,https://www.booking.com/country/mz.de.html
146,Mazedonien,https://www.booking.com/country/mk.de.html
147,Benin,https://www.booking.com/country/bj.de.html
148,Nigeria,https://www.booking.com/country/ng.de.html
149,Französisch-Guayana (GF),https://www.booking.com/country/gf.de.html
150,Nicaragua,https://www.booking.com/country/ni.de.html
151,Guinea,https://www.booking.com/country/gn.de.html
152,Französisch-Polynesien (PF),https://www.booking.com/country/pf.de.html
153,Botswana,https://www.booking.com/country/bw.de.html
154,Mikronesien,https://www.booking.com/country/fm.de.html
155,Irak,https://www.booking.com/country/iq.de.html
156,Gabun,https://www.booking.com/country/ga.de.html
157,Elfenbeinküste,https://www.booking.com/country/ci.de.html
158,Burkina Faso,https://www.booking.com/country/bf.de.html
159,Suriname,https://www.booking.com/country/sr.de.html
160,Angola,https://www.booking.com/country/ao.de.html
161,Algerien,https://www.booking.com/country/dz.de.html
162,Vanuatu,https://www.booking.com/country/vu.de.html
163,Macao,https://www.booking.com/country/mo.de.html
164,Bangladesch,https://www.booking.com/country/bd.de.html
165,Armenien,https://www.booking.com/country/am.de.html
166,Salomonen,https://www.booking.com/country/sb.de.html
167,Honduras,https://www.booking.com/country/hn.de.html
168,Kamerun,https://www.booking.com/country/cm.de.html
169,Krim,https://www.booking.com/country/xc.de.html
170,Kosovo,https://www.booking.com/country/xk.de.html
171,Venezuela,https://www.booking.com/country/ve.de.html
172,Aserbaidschan,https://www.booking.com/country/az.de.html
173,Sambia,https://www.booking.com/country/zm.de.html
174,Togo,https://www.booking.com/country/tg.de.html
175,Malawi,https://www.booking.com/country/mw.de.html
176,Burundi,https://www.booking.com/country/bi.de.html
177,Kuwait,https://www.booking.com/country/kw.de.html
178,Saudi-Arabien,https://www.booking.com/country/sa.de.html
179,Mongolei,https://www.booking.com/country/mn.de.html
180,Libyen,https://www.booking.com/country/ly.de.html
181,Guyana,https://www.booking.com/country/gy.de.html
182,Tschad,https://www.booking.com/country/td.de.html
183,Vereinigte Arabische Emirate (VAE),https://www.booking.com/country/ae.de.html
184,Kirgisistan,https://www.booking.com/country/kg.de.html
185,Äquatorialguinea (GQ),https://www.booking.com/country/gq.de.html
186,Weißrussland,https://www.booking.com/country/by.de.html
187,Jungferninseln (US),https://www.booking.com/country/vi.de.html
188,Tunesien,https://www.booking.com/country/tn.de.html
189,Palästina,https://www.booking.com/country/ps.de.html
190,Nördliche Marianen,https://www.booking.com/country/mp.de.html
191,Mali,https://www.booking.com/country/ml.de.html
192,Mauretanien,https://www.booking.com/country/mr.de.html
193,Guatemala,https://www.booking.com/country/gt.de.html
194,Gibraltar,https://www.booking.com/country/gi.de.html
