,Kanton,Link zur Unterkunft,Name der Unterkunft
0,"
""Waadt, Switzerland""",www.booking.com/hotel/ch/lausanne-bussigny.de.html,Novotel Lausanne Bussigny
1,"
""Waadt, Switzerland""",www.booking.com/hotel/ch/ibis-budget-lausanne-bussigny.de.html,ibis budget Bussigny Lausanne
2,"
""Waadt, Switzerland""",www.booking.com/hotel/ch/swisstech.de.html,SwissTech HotelDiese Unterkunft ist zu Ihren Daten auf unserer Seite nicht verfügbar
3,"
""Waadt, Switzerland""",www.booking.com/hotel/ch/lausanne-crissier.de.html,ibis Lausanne Crissier
4,"
""Waadt, Switzerland""",www.booking.com/hotel/ch/discovery.de.html,Discovery Hotel
5,"
""Waadt, Switzerland""",www.booking.com/hotel/ch/ha-tel-des-inventions-ecublens-lausanne.de.html,Hôtel des Inventions
6,"
""Waadt, Switzerland""",www.booking.com/hotel/ch/la-fleur-du-lac.de.html,La Fleur du Lac
7,"
""Waadt, Switzerland""",www.booking.com/hotel/ch/starling-at-epfl.de.html,Starling Hotel Lausanne
8,"
""Waadt, Switzerland""",www.booking.com/hotel/ch/galion-s-pub.de.html,"GALION Hôtel, Restaurant et Pub"
9,"
""Waadt, Switzerland""",www.booking.com/hotel/ch/le-funi-de-cossonay.de.html,Hôtel Le Funi de CossonayDiese Unterkunft ist zu Ihren Daten auf unserer Seite nicht verfügbar
10,"
""Waadt, Switzerland""",www.booking.com/hotel/ch/la-maison-d-igor.de.html,La Maison d'Igor
11,"
""Waadt, Switzerland""",www.booking.com/hotel/ch/de-savoie.de.html,Hotel de Savoie
12,"
""Waadt, Switzerland""",www.booking.com/hotel/ch/de-la-nouvelle-couronne.de.html,Hôtel de la Nouvelle Couronne
13,"
""Waadt, Switzerland""",www.booking.com/hotel/ch/romantik-mont-blanc-au-lac.de.html,Romantik Hotel Mont Blanc au Lac
14,"
""Waadt, Switzerland""",www.booking.com/hotel/ch/hostellerie-le-petit-manoir.de.html,Hostellerie Le Petit Manoir
15,"
""Waadt, Switzerland""",www.booking.com/hotel/ch/la-longeraie.de.html,Hotel La Longeraie
16,"
""Waadt, Switzerland""",www.booking.com/hotel/ch/aparthotel-46a.de.html, Aparthotel Apart'Hotel 46aDiese Unterkunft ist zu Ihren Daten auf unserer Seite nicht verfügbar
17,"
""Waadt, Switzerland""",www.booking.com/hotel/ch/tilausanne.de.html,Tulip Inn Beaulieu Lausanne
18,"
""Waadt, Switzerland""",www.booking.com/hotel/chwww.booking.com/hotel-bellerive.de.html,Hôtel Bellerive
19,"
""Waadt, Switzerland""",www.booking.com/hotel/ch/lausanne-centre.de.html,ibis Lausanne Centre
20,"
""Waadt, Switzerland""",www.booking.com/hotel/ch/baron-tavernier.de.html,Baron Tavernier Hotel & SPADiese Unterkunft ist zu Ihren Daten auf unserer Seite nicht verfügbar
21,"
""Waadt, Switzerland""",www.booking.com/hotel/chwww.booking.com/hoteldumarche.de.html,Hôtel du Marché
22,"
""Waadt, Switzerland""",www.booking.com/hotel/ch/minotelcrystal.de.html,Hôtel Crystal
23,"
""Waadt, Switzerland""",www.booking.com/hotel/ch/du-boulevard.de.html, Aparthotel Hôtel Résidence du Boulevard
24,"
""Waadt, Switzerland""",www.booking.com/hotel/ch/regina.de.html,Hotel Regina
25,"
""Waadt, Switzerland""",www.booking.com/hotel/ch/voyageurs.de.html,Hôtel des Voyageurs Boutique
26,"
""Waadt, Switzerland""",www.booking.com/hotel/ch/lausannepalace.de.html,Lausanne Palace
27,"
""Waadt, Switzerland""",www.booking.com/hotel/fr/my-suitevillage-lugrin.de.html, Aparthotel Park & Suites Village Evian-LugrinDiese Unterkunft ist zu Ihren Daten auf unserer Seite nicht verfügbar
28,"
""Waadt, Switzerland""",www.booking.com/hotel/ch/alphapalmiers.de.html,Alpha-Palmiers by Fassbind
29,"
""Waadt, Switzerland""",www.booking.com/hotel/ch/agoralausanne.de.html,Agora Swiss Night by Fassbind
30,"
""Waadt, Switzerland""",www.booking.com/hotel/ch/continental.de.html,Continental Hotel Lausanne
31,"
""Waadt, Switzerland""",www.booking.com/hotel/ch/elite-lausanne.de.html,Elite
32,"
""Waadt, Switzerland""",www.booking.com/hotel/ch/victoria-lausanne.de.html,Hotel Victoria
33,"
""Waadt, Switzerland""",www.booking.com/hotel/ch/alagare.de.html,Hotel AlaGare
34,"
""Waadt, Switzerland""",www.booking.com/hotel/fr/ha-tel-cafe-du-palais.de.html,Hôtel Café du PalaisDiese Unterkunft ist zu Ihren Daten auf unserer Seite nicht verfügbar
35,"
""Waadt, Switzerland""",www.booking.com/hotel/ch/carltonlausanne.de.html,Carlton Lausanne Boutique Hôtel
36,"
""Waadt, Switzerland""",www.booking.com/hotel/ch/des-patients-lausanne.de.html,Hôtel des Patients
37,"
""Waadt, Switzerland""",www.booking.com/hotel/ch/citylausanne.de.html,Swiss Wine by Fassbind
38,"
""Waadt, Switzerland""",www.booking.com/hotel/fr/le-bois-joli-evian.de.html,Hotel The Originals Le Bois Joli (ex Relais du Silence)Diese Unterkunft ist zu Ihren Daten auf unserer Seite nicht verfügbar
39,"
""Waadt, Switzerland""",www.booking.com/hotel/ch/movenpick-lausanne.de.html,Mövenpick Hotel Lausanne
40,"
""Waadt, Switzerland""",www.booking.com/hotel/ch/royal-savoy-lausanne.de.html,Royal Savoy Hotel & Spa
41,"
""Waadt, Switzerland""",www.booking.com/hotel/ch/de-la-paix-lausanne.de.html,Hôtel de la Paix Lausanne
42,"
""Waadt, Switzerland""",www.booking.com/hotel/ch/lausanne-guesthouse.de.html,Hotel Lausanne by Fassbind
43,"
""Waadt, Switzerland""",www.booking.com/hotel/ch/mirabeau.de.html,Best Western Plus Hotel Mirabeau
44,"
""Waadt, Switzerland""",www.booking.com/hotel/ch/au-lac.de.html,Hotel Aulac
45,"
""Waadt, Switzerland""",www.booking.com/hotel/fr/auberge-d-anthy.de.html,Auberge d'AnthyDiese Unterkunft ist zu Ihren Daten auf unserer Seite nicht verfügbar
46,"
""Waadt, Switzerland""",www.booking.com/hotel/ch/chateau-d-ouchy.de.html,Château d'Ouchy
47,"
""Waadt, Switzerland""",www.booking.com/hotel/ch/du-port.de.html,Hôtel du Port
48,"
""Waadt, Switzerland""",www.booking.com/hotel/ch/angleterre-residence.de.html,Hotel Angleterre & Résidence
49,"
""Waadt, Switzerland""",www.booking.com/hotel/ch/beaurivagepalace.de.html,Beau-Rivage Palace
50,"
""Waadt, Switzerland""",www.booking.com/hotel/ch/aquatis.de.html,Aquatis Hotel
51,"
""Waadt, Switzerland""",www.booking.com/hotel/ch/auberge-de-la-croix-blanche-lavigny.de.html,Auberge de La Croix Blanche
52,"
""Waadt, Switzerland""",www.booking.com/hotel/chwww.booking.com/hotelfamille.de.html,VISIONAPARTMENTS Hôtel de FamilleDiese Unterkunft ist zu Ihren Daten auf unserer Seite nicht verfügbar
53,"
""Waadt, Switzerland""",www.booking.com/hotel/ch/restaurant-du-chateau.de.html,Hotel Restaurant du Chateau
54,"
""Waadt, Switzerland""",www.booking.com/hotel/ch/auberge-communale-chez-yann.de.html,Auberge Communale Chez Yann
55,"
""Waadt, Switzerland""",www.booking.com/hotel/ch/auberge-de-ballens.de.html,Auberge de Ballens
56,"
""Waadt, Switzerland""",www.booking.com/hotel/chwww.booking.com/hotel-au-fil-de-leau.de.html,ErmitageDiese Unterkunft ist zu Ihren Daten auf unserer Seite nicht verfügbar
57,"
""Waadt, Switzerland""",www.booking.com/hotel/ch/auberge-aux-deux-sapins.de.html,Auberge Aux Deux Sapins
58,"
""Waadt, Switzerland""",www.booking.com/hotel/ch/restaurant-le-rivage.de.html,Hotel Lake View Le Rivage
59,"
""Waadt, Switzerland""",www.booking.com/hotel/ch/auberge-du-lion-d-39-or.de.html,Auberge du Lion D'or
60,"
""Waadt, Switzerland""",www.booking.com/hotel/ch/eh-toi-self-motel.de.html,Eh!Toi Self Motel
61,"
""Waadt, Switzerland""",www.booking.com/hotel/ch/auberge-des-grands-bois.de.html,Auberge des Grands Bois
62,"
""Waadt, Switzerland""",www.booking.com/hotel/ch/auberge-de-la-gare.de.html,Auberge de la Gare
63,"
""Waadt, Switzerland""",www.booking.com/hotel/fr/village-club-de-bois-d-39-amont.de.html,Village club de Bois d'AmontDiese Unterkunft ist zu Ihren Daten auf unserer Seite nicht verfügbar
64,"
""Waadt, Switzerland""",www.booking.com/hotel/ch/auberge-du-raisin.de.html,Auberge du Raisin
65,"
""Waadt, Switzerland""",www.booking.com/hotel/ch/au-major-davel.de.html,Au Major Davel
66,"
""Waadt, Switzerland""",www.booking.com/hotel/chwww.booking.com/hotel-lavaux.de.html,Hotel Lavaux
67,"
""Waadt, Switzerland""",www.booking.com/hotel/ch/restaurant-au-chasseur.de.html,Hotel Restaurant Au Chasseur
68,"
""Waadt, Switzerland""",www.booking.com/hotel/fr/le-littoral.de.html,Hotel Le Littoral
69,"
""Waadt, Switzerland""",www.booking.com/hotel/fr/savoy-evian.de.html,Savoy Hôtel Evian
70,"
""Waadt, Switzerland""",www.booking.com/hotel/frwww.booking.com/hotel-de-l-union.de.html,Hotel de l'UnionDiese Unterkunft ist zu Ihren Daten auf unserer Seite nicht verfügbar
71,"
""Waadt, Switzerland""",www.booking.com/hotel/fr/le-bourgogne.de.html,Hotel Le Bourgogne
72,"
""Waadt, Switzerland""",www.booking.com/hotel/fr/du-palais-evian-les-bains.de.html,Hôtel du Palais
73,"
""Waadt, Switzerland""",www.booking.com/hotel/fr/continental-evian.de.html,Continental Boutique Hôtel
74,"
""Waadt, Switzerland""",www.booking.com/hotel/fr/les-tilleuls-le-biot.de.html,Les TilleulsDiese Unterkunft ist zu Ihren Daten auf unserer Seite nicht verfügbar
75,"
""Waadt, Switzerland""",www.booking.com/hotel/fr/defranceevianlesbains.de.html,Hôtel de France Contact-Hôtel
76,"
""Waadt, Switzerland""",www.booking.com/hotel/fr/alize-evian-les-bains.de.html,Hotel The Originals Évian-les-Bains Alizé (ex Inter-Hotel)
77,"
""Waadt, Switzerland""",www.booking.com/hotel/fr/hilton-evian-les-bains.de.html,Hilton Evian Les Bains
78,"
""Waadt, Switzerland""",www.booking.com/hotel/fr/les-cygnes-evian-les-bains.de.html,Les Cygnes
79,"
""Waadt, Switzerland""",www.booking.com/hotel/ch/hostellerie-du-chac-teau.de.html,L'Hôtel by Hostellerie du Château
80,"
""Waadt, Switzerland""",www.booking.com/hotel/fr/evian-royal-palace.de.html,Hôtel Royal
81,"
""Waadt, Switzerland""",www.booking.com/hotel/fr/les-touristes.de.html,Les TouristesDiese Unterkunft ist zu Ihren Daten auf unserer Seite nicht verfügbar
82,"
""Waadt, Switzerland""",www.booking.com/hotel/fr/evian-royal-ermitage.de.html,Hôtel Ermitage
83,"
""Waadt, Switzerland""",www.booking.com/hotel/fr/de-la-verniaz.de.html,La Verniaz et ses Chalets
84,"
""Waadt, Switzerland""",www.booking.com/hotel/ch/des-mosaiques.de.html,Hôtel des Mosaiques
85,"
""Waadt, Switzerland""",www.booking.com/hotel/ch/inter-hostellerie-la-baie-du-lac.de.html,INTER-HOTEL Le Pont Sud Hostellerie la Baie du Lac
86,"
""Waadt, Switzerland""",www.booking.com/hotel/fr/a-la-tasse-a-moustache.de.html,Hôtel A la tasse à moustache
87,"
""Waadt, Switzerland""",www.booking.com/hotel/frwww.booking.com/hotelf1-thonon-les-bains-est.de.html,hotelF1 Thonon Les Bains Est
88,"
""Waadt, Switzerland""",www.booking.com/hotel/ch/hostellerie-de-caux.de.html,Le Coucou Hotel & Restaurant-BarDiese Unterkunft ist zu Ihren Daten auf unserer Seite nicht verfügbar
89,"
""Waadt, Switzerland""",www.booking.com/hotel/ch/prealpina.de.html,Prealpina
90,"
""Waadt, Switzerland""",www.booking.com/hotel/ch/auberge-de-rivaz.de.html,Auberge de Rivaz
91,"
""Waadt, Switzerland""",www.booking.com/hotel/fr/ibis-thonon-evian.de.html,ibis Thonon Centre
92,"
""Waadt, Switzerland""",www.booking.com/hotel/fr/les-gentianettes-spa-hotels-chalets-de-tradition.de.html,Les Gentianettes Hotel & ResortDiese Unterkunft ist zu Ihren Daten auf unserer Seite nicht verfügbar
93,"
""Waadt, Switzerland""",www.booking.com/hotel/fr/residence-les-baladines.de.html, Aparthotel Résidence Les Baladines
94,"
""Waadt, Switzerland""",www.booking.com/hotel/fr/antaeus-carre-d-or.de.html, Aparthotel Appart’City Thonon les Bains
95,"
""Waadt, Switzerland""",www.booking.com/hotel/fr/le-comte-rouge.de.html,Le Comte Rouge
96,"
""Waadt, Switzerland""",www.booking.com/hotel/ch/auberge-communale-a-l-union.de.html,Auberge Communale à l'Union
97,"
""Waadt, Switzerland""",www.booking.com/hotel/ch/au-cavalier.de.html,Auberge au Cavalier
98,"
""Waadt, Switzerland""",www.booking.com/hotel/fr/residence-les-thermes.de.html, Aparthotel Résidence Les Thermes - Côté Chalet
99,"
""Waadt, Switzerland""",www.booking.com/hotel/fr/alpage.de.html,Hôtel Le TélécabineDiese Unterkunft ist zu Ihren Daten auf unserer Seite nicht verfügbar
100,"
""Waadt, Switzerland""",www.booking.com/hotel/fr/logis-de-france-l-arc-en-ciel.de.html,Hotel The Originals Thonon-les-Bains L'Arc-En-Ciel (ex Inter-Hotel)
101,"
""Waadt, Switzerland""",www.booking.com/hotel/fr/les-marronniers-thonon-les-bains.de.html,HOTEL LES MARRONNIERS
102,"
""Waadt, Switzerland""",www.booking.com/hotel/fr/ibis-budget-thonon-les-bains.de.html,ibis budget Thonon Les Bains
103,"
""Waadt, Switzerland""",www.booking.com/hotel/ch/auberge-de-dully.de.html,Auberge de Dully
104,"
""Waadt, Switzerland""",www.booking.com/hotel/fr/echo-des-montagnes.de.html,L'Echo des Montagnes
105,"
""Waadt, Switzerland""",www.booking.com/hotel/ch/le-mirador-kempinski-lake-geneva.de.html,Le Mirador Resort & Spa
106,"
""Waadt, Switzerland""",www.booking.com/hotel/fr/le-chabi.de.html,Le ChabiDiese Unterkunft ist zu Ihren Daten auf unserer Seite nicht verfügbar
107,"
""Waadt, Switzerland""",www.booking.com/hotel/ch/de-ville-du-sentier.de.html,Hotel de ville du Sentier
108,"
""Waadt, Switzerland""",www.booking.com/hotel/fr/cote-sud-leman-thonon-les-bains.de.html,Hotel Côté Sud Leman
109,"
""Waadt, Switzerland""",www.booking.com/hotel/ch/de-ville-d-attalens.de.html,Hôtel-de-Ville d'Attalens
110,"
""Waadt, Switzerland""",www.booking.com/hotel/fr/esprit-montagne.de.html,Esprit MontagneDiese Unterkunft ist zu Ihren Daten auf unserer Seite nicht verfügbar
111,"
""Waadt, Switzerland""",www.booking.com/hotel/chwww.booking.com/hotellerie-de-chatonneyre.de.html,Hôtellerie de Châtonneyre
112,"
""Waadt, Switzerland""",www.booking.com/hotel/ch/de-la-lande.de.html,Hotel de la Lande
113,"
""Waadt, Switzerland""",www.booking.com/hotel/fr/le-leman.de.html,Hotel Le Léman
114,"
""Waadt, Switzerland""",www.booking.com/hotel/ch/de-la-place.de.html,Hotel de la Place
115,"
""Waadt, Switzerland""",www.booking.com/hotel/ch/base-vevey.de.html,Base Vevey
116,"
""Waadt, Switzerland""",www.booking.com/hotel/ch/glanis-gland.de.html,Hôtel Glanis
117,"
""Waadt, Switzerland""",www.booking.com/hotel/fr/le-jardin-de-la-riviere.de.html,Le Jardin de la RivièreDiese Unterkunft ist zu Ihren Daten auf unserer Seite nicht verfügbar
118,"
""Waadt, Switzerland""",www.booking.com/hotel/ch/auberge-de-l-ecu-vaudois.de.html,Auberge de l'Ecu Vaudois
119,"
""Waadt, Switzerland""",www.booking.com/hotel/ch/astra-pavillon-vevey.de.html,Astra Vevey
120,"
""Waadt, Switzerland""",www.booking.com/hotel/ch/hostellerie-de-gena-ve.de.html,Hostellerie de Genève
121,"
""Waadt, Switzerland""",www.booking.com/hotel/ch/guest-house-le-charlot.de.html,Guest House Le Charlot
122,"
""Waadt, Switzerland""",www.booking.com/hotel/ch/les-negociants.de.html,Les Negociants
123,"
""Waadt, Switzerland""",www.booking.com/hotel/ch/abaca.de.html,Hotel Abaca
124,"
""Waadt, Switzerland""",www.booking.com/hotel/fr/residence-la-versoix.de.html, Aparthotel Zenitude Hôtel-Résidences La VersoixDiese Unterkunft ist zu Ihren Daten auf unserer Seite nicht verfügbar
125,"
""Waadt, Switzerland""",www.booking.com/hotel/ch/hostellerie-de-l-39-de-ville.de.html, Aparthotel Hostellerie de L'Hôtel de Ville
126,"
""Waadt, Switzerland""",www.booking.com/hotel/ch/des-trois-couronnes.de.html,Hotel Des Trois Couronnes & Spa
127,"
""Waadt, Switzerland""",www.booking.com/hotel/fr/les-flots-bleus.de.html,Hotel The Originals Le Jules Verne (ex Relais du Silence)
128,"
""Waadt, Switzerland""",www.booking.com/hotel/fr/arc-en-ciel-chatel.de.html,Arc en CielDiese Unterkunft ist zu Ihren Daten auf unserer Seite nicht verfügbar
129,"
""Waadt, Switzerland""",www.booking.com/hotel/ch/du-lac2.de.html,Grand Hotel du Lac
130,"
""Waadt, Switzerland""",www.booking.com/hotel/ch/le-leman.de.html,Le Leman Hotel
131,"
""Waadt, Switzerland""",www.booking.com/hotel/ch/modern-times-vevey.de.html,Modern Times Hotel Vevey
132,"
""Waadt, Switzerland""",www.booking.com/hotel/fr/villa-cecile.de.html,Villa Cécile
133,"
""Waadt, Switzerland""",www.booking.com/hotel/ch/relais-de-l-aa-c-rodrome.de.html,Relais de l'Aérodrome
134,"
""Waadt, Switzerland""",www.booking.com/hotel/fr/chateau-de-coudree.de.html,Château De Coudrée - Les Collectionneurs
135,"
""Waadt, Switzerland""",www.booking.com/hotel/fr/logis-de-france-le-roitelet.de.html,Le RoiteletDiese Unterkunft ist zu Ihren Daten auf unserer Seite nicht verfügbar
136,"
""Waadt, Switzerland""",www.booking.com/hotel/ch/hostellerie-du-bon-rivage.de.html,Hôtel Bon Rivage
137,"
""Waadt, Switzerland""",www.booking.com/hotel/fr/national-meillerie.de.html,Hotel National
138,"
""Waadt, Switzerland""",www.booking.com/hotel/ch/auberge-de-la-reunion.de.html,Auberge de la Réunion
139,"
""Waadt, Switzerland""",www.booking.com/hotel/ch/auberge-communale-de-st-la-c-gier.de.html,Auberge Communale de St-Légier
140,"
""Waadt, Switzerland""",www.booking.com/hotel/ch/la-barcarolle.de.html,Hotel La Barcarolle
141,"
""Waadt, Switzerland""",www.booking.com/hotel/ch/auberge-de-l-etoile-duillier.de.html,Auberge de Duillier
142,"
""Waadt, Switzerland""",www.booking.com/hotel/fr/les-triolets.de.html,Hôtel Les TrioletsDiese Unterkunft ist zu Ihren Daten auf unserer Seite nicht verfügbar
143,"
""Waadt, Switzerland""",www.booking.com/hotel/ch/auberge-de-prangins.de.html,Auberge de Prangins
144,"
""Waadt, Switzerland""",www.booking.com/hotel/ch/le-rive-nyon.de.html,Hotel Le Rive
145,"
""Waadt, Switzerland""",www.booking.com/hotel/ch/ha-tel-de-l-ange.de.html,Hôtel de l'Ange
146,"
""Waadt, Switzerland""",www.booking.com/hotel/fr/ra-c-sidence-cgh-les-chalets-d-anga-le.de.html, Aparthotel CGH Résidences & Spas Les Chalets d'AngèleDiese Unterkunft ist zu Ihren Daten auf unserer Seite nicht verfügbar
147,"
""Waadt, Switzerland""",www.booking.com/hotel/ch/ambassador-nyon.de.html,Ambassador Boutique Hotel
148,"
""Waadt, Switzerland""",www.booking.com/hotel/ch/auberge-de-trelex-trelex.de.html,Auberge de la Tour
149,"
""Waadt, Switzerland""",www.booking.com/hotel/ch/des-alpes-nyon.de.html,Hôtel des Alpes
150,"
""Waadt, Switzerland""",www.booking.com/hotel/ch/base-nyon.de.html,Base Nyon
151,"
""Waadt, Switzerland""",www.booking.com/hotel/chwww.booking.com/hotelreal1.de.html,Hôtel Real
152,"
""Waadt, Switzerland""",www.booking.com/hotel/ch/hostellerie-du-xvi-siecle.de.html,Hostellerie du XVI Siècle
153,"
""Waadt, Switzerland""",www.booking.com/hotel/fr/ha-tel-l-edelweiss.de.html,Hôtel l'EdelweissDiese Unterkunft ist zu Ihren Daten auf unserer Seite nicht verfügbar
154,"
""Waadt, Switzerland""",www.booking.com/hotel/ch/villatoscane.de.html,Villa Toscane
155,"
""Waadt, Switzerland""",www.booking.com/hotel/ch/royal-plaza-montreux.de.html,Royal Plaza Montreux & Spa
156,"
""Waadt, Switzerland""",www.booking.com/hotel/ch/la-lagune-rive-bleu.de.html,La Lagune Rive Bleue
157,"
""Waadt, Switzerland""",www.booking.com/hotel/ch/montreuxpalace.de.html,Fairmont Le Montreux Palace
158,"
""Waadt, Switzerland""",www.booking.com/hotel/ch/best-western-eurotel-montreux.de.html,Eurotel Montreux
159,"
""Waadt, Switzerland""",www.booking.com/hotel/ch/restaurant-la-poste-saint-cergue.de.html,Hotel Restaurant La Poste
160,"
""Waadt, Switzerland""",www.booking.com/hotel/fr/les-4-elements-c202.de.html, Aparthotel Les 4 ElementsDiese Unterkunft ist zu Ihren Daten auf unserer Seite nicht verfügbar
161,"
""Waadt, Switzerland""",www.booking.com/hotel/ch/grand-suisse-majestic.de.html,Grand Hôtel Suisse Majestic
162,"
""Waadt, Switzerland""",www.booking.com/hotel/ch/splendid-montreux.de.html,Hotel Splendid
163,"
""Waadt, Switzerland""",www.booking.com/hotel/ch/la-rouvenaz.de.html,La Rouvenaz
164,"
""Waadt, Switzerland""",www.booking.com/hotel/fr/les-combelles.de.html,Hotel Les CombellesDiese Unterkunft ist zu Ihren Daten auf unserer Seite nicht verfügbar
165,"
""Waadt, Switzerland""",www.booking.com/hotel/ch/villa-eden-palace-au-lac.de.html,Villa Eden Palace Au Lac
166,"
""Waadt, Switzerland""",www.booking.com/hotel/chwww.booking.com/hoteledenpalaceaulac.de.html,Hotel Eden Palace au Lac
167,"
""Waadt, Switzerland""",www.booking.com/hotel/ch/helvetie.de.html,J5 Hotels Helvetie Montreux
168,"
""Waadt, Switzerland""",www.booking.com/hotel/ch/bon-port.de.html,Bon Port
169,"
""Waadt, Switzerland""",www.booking.com/hotel/ch/tralala-montreux.de.html,Tralala Hotel Montreux
170,"
""Waadt, Switzerland""",www.booking.com/hotel/ch/golfhotel.de.html,Golf Hotel René Capt
171,"
""Waadt, Switzerland""",www.booking.com/hotel/fr/macchi.de.html,Hotel MacchiDiese Unterkunft ist zu Ihren Daten auf unserer Seite nicht verfügbar
172,"
""Waadt, Switzerland""",www.booking.com/hotel/ch/grandhotelexcelsior.de.html,Hôtel du Grand Lac Excelsior
173,"
""Waadt, Switzerland""",www.booking.com/hotel/fr/les-moineaux.de.html,Les Moineaux
174,"
""Waadt, Switzerland""",www.booking.com/hotel/ch/victoia.de.html,Hotel Victoria Glion
175,"
""Waadt, Switzerland""",www.booking.com/hotel/fr/auberge-du-grand-git.de.html,Auberge du grand Git
176,"
""Waadt, Switzerland""",www.booking.com/hotel/ch/bristol-montreux-territet.de.html,Hôtel Bristol
177,"
""Waadt, Switzerland""",www.booking.com/hotel/fr/de-la-poste-yvoire.de.html,Hôtel de La Poste
178,"
""Waadt, Switzerland""",www.booking.com/hotel/fr/bergerie-chatel.de.html,Hotel Bergerie ChatelDiese Unterkunft ist zu Ihren Daten auf unserer Seite nicht verfügbar
179,"
""Waadt, Switzerland""",www.booking.com/hotel/ch/la-poularde.de.html,Motel La Poularde
180,"
""Waadt, Switzerland""",www.booking.com/hotel/fr/ha-tel-le-mont-jorat.de.html,Hôtel Le Mont Jorat
181,"
""Waadt, Switzerland""",www.booking.com/hotel/ch/du-quai.de.html,Hotel Du Quai
182,"
""Waadt, Switzerland""",www.booking.com/hotel/fr/eau-vive.de.html,Hôtel Eliova l'Eau ViveDiese Unterkunft ist zu Ihren Daten auf unserer Seite nicht verfügbar
183,"
""Waadt, Switzerland""",www.booking.com/hotel/ch/du-port-villeneuve.de.html,Hôtel du Port
184,"
""Waadt, Switzerland""",www.booking.com/hotel/ch/du-soleil.de.html,Hôtel du Soleil
185,"
""Waadt, Switzerland""",www.booking.com/hotel/ch/ha-tel-restaurant-le-manoir.de.html,Hôtel - Restaurant Le Manoir
186,"
""Waadt, Switzerland""",www.booking.com/hotel/ch/au-boeuf-rouge.de.html,Au Boeuf Rouge
187,"
""Waadt, Switzerland""",www.booking.com/hotel/ch/auberge-de-founex.de.html,Auberge de Founex
188,"
""Waadt, Switzerland""",www.booking.com/hotel/ch/ha-tel-de-torgon.de.html,Hôtel de Torgon
189,"
""Waadt, Switzerland""",www.booking.com/hotel/fr/belalp-chac-tel.de.html,Hôtel BelalpDiese Unterkunft ist zu Ihren Daten auf unserer Seite nicht verfügbar
190,"
""Waadt, Switzerland""",www.booking.com/hotel/fr/villa-du-lac.de.html,Hôtel Résidence & Spa Vacances Bleues La Villa du Lac
191,"
""Waadt, Switzerland""",www.booking.com/hotel/ch/relais-de-chavannes.de.html,Auberge Le Relais Chavannes de Bogis
192,"
""Waadt, Switzerland""",www.booking.com/hotel/fr/home-business-geneve-airport.de.html, Aparthotel Appart’City Confort Genève – Divonne les bains
193,"
""Waadt, Switzerland""",www.booking.com/hotel/ch/wego.de.html,Wego Hotel
194,"
""Waadt, Switzerland""",www.booking.com/hotel/fr/le-beauregard-divonne-les-bains.de.html,Hotel Le Beauregard
195,"
""Waadt, Switzerland""",www.booking.com/hotel/fr/adagio-access-divonne-les-bains.de.html, Aparthotel Zenitude Hôtel-Résidences L'Orée du Parc
196,"
""Waadt, Switzerland""",www.booking.com/hotel/fr/fleur-de-neige.de.html,Fleur De Neige HôtelDiese Unterkunft ist zu Ihren Daten auf unserer Seite nicht verfügbar
197,"
""Waadt, Switzerland""",www.booking.com/hotel/ch/best-western-chavannes-de-bogis.de.html,Best Western Hotel Chavannes de Bogis
198,"
""Waadt, Switzerland""",www.booking.com/hotel/fr/residence-excellior-veigy.de.html, Aparthotel Adonis Excellior Grand Genève
199,"
""Waadt, Switzerland""",www.booking.com/hotel/fr/le-jura.de.html,Hotel Le Jura
200,"
""Waadt, Switzerland""",www.booking.com/hotel/ch/central-residence.de.html,Hotel Central RésidenceDiese Unterkunft ist zu Ihren Daten auf unserer Seite nicht verfügbar
201,"
""Waadt, Switzerland""",www.booking.com/hotel/ch/auberge-le-manoir-sarl.de.html,Auberge Le Manoir sàrl
202,"
""Waadt, Switzerland""",www.booking.com/hotel/fr/au-bois-de-lune.de.html,Au Bois de Lune
203,"
""Waadt, Switzerland""",www.booking.com/hotel/ch/geneve-cottage.de.html,Genève Cottage
204,"
""Waadt, Switzerland""",www.booking.com/hotel/ch/lake-geneva.de.html,Lake Geneva Hotel
205,"
""Waadt, Switzerland""",www.booking.com/hotel/ch/du-nord.de.html,Hotel Du Nord
206,"
""Waadt, Switzerland""",www.booking.com/hotel/ch/auberge-port-gitana.de.html,Auberge Port Gitana
207,"
""Waadt, Switzerland""",www.booking.com/hotel/ch/helvetia-morgins.de.html,Helvetia hotelDiese Unterkunft ist zu Ihren Daten auf unserer Seite nicht verfügbar
208,"
""Waadt, Switzerland""",www.booking.com/hotel/ch/la-reserve-geneve-spa.de.html,La Réserve Genève Hotel & Spa
209,"
""Waadt, Switzerland""",www.booking.com/hotel/fr/park-and-suites-geneve-aeroport.de.html,Appart’City Confort Genève Aéroport – Ferney Voltaire
210,"
""Waadt, Switzerland""",www.booking.com/hotel/fr/residence-la-reserve-geneve-ferney-voltaire.de.html, Aparthotel Résidence la Réserve Genève Ferney Voltaire
211,"
""Waadt, Switzerland""",www.booking.com/hotel/fr/campanile-geneve-ferney-voltaire.de.html,Campanile Genève - Ferney-Voltaire
212,"
""Waadt, Switzerland""",www.booking.com/hotel/ch/starling-hotel-geneva.de.html,Starling Hotel Geneva
213,"
""Waadt, Switzerland""",www.booking.com/hotel/ch/ibis-budget-geneve-palexpo.de.html,ibis budget Geneve Palexpo Aeroport
214,"
""Waadt, Switzerland""",www.booking.com/hotel/ch/residence-castel-club-leysin-parc.de.html, Aparthotel Résidence Castel Club Leysin ParcDiese Unterkunft ist zu Ihren Daten auf unserer Seite nicht verfügbar
215,"
""Waadt, Switzerland""",www.booking.com/hotel/ch/ibis-styles-geneve-palexpo.de.html,ibis Styles Geneve Palexpo Aeroport
